{
    "/*comment*/": "FR: 功能需求, NFR: 性能需求, RR: 可靠性需求",
    "data": {
        "FR": [
            {
                "id": "0",
                "reqs": [
                    {
                        "event": "无条件",
                        "agent": "项目进度监控",
                        "operation": "统计汇总显示",
                        "input": "该项目下的模型的设计进度",
                        "output": "无输出",
                        "restriction": "无约束"
                    },
                    {
                        "event": "当用户单击导出按钮后",
                        "agent": "项目进展导出",
                        "operation": "导出",
                        "input": "模型进展",
                        "output": "Word格式的文件",
                        "restriction": "无约束"
                    }
                ]
            },
            {
                "id": "1",
                "reqs": [
                    {
                        "event": "用户点击导出按钮时",
                        "agent": "项目进度导出",
                        "operation": "导出",
                        "input": "该项目内模型的进度",
                        "output": "Word文档",
                        "restriction": "无约束"
                    },
                    {
                        "event": "无条件",
                        "agent": "通知功能",
                        "operation": "汇总并发送给用户",
                        "input": "统计结果",
                        "output": "无输出",
                        "restriction": "根据模型设计进度的统计结果"
                    }
                ]
            },
            {
                "id": "2",
                "reqs": [
                    {
                        "event": "无条件",
                        "agent": "通知功能",
                        "operation": "汇合后发送给用户",
                        "input": "统计的结果",
                        "output": "无输出",
                        "restriction": "依据项目模型进展的统计"
                    },
                    {
                        "event": "无条件",
                        "agent": "项目进展监督功能",
                        "operation": "统计、汇合、并展示",
                        "input": "项目中模型的设计进展",
                        "output": "无输出",
                        "restriction": "无约束"
                    }
                ]
            },
            {
                "id": "3",
                "reqs": [
                    {
                        "event": "当项目稳定后",
                        "agent": "项目管理员",
                        "operation": "归档存储",
                        "input": "项目内容",
                        "output": "无输出",
                        "restriction": "无约束"
                    },
                    {
                        "event": "无条件",
                        "agent": "项目管理员",
                        "operation": "增添、删除、修改",
                        "input": "项目中的用户",
                        "output": "无输出",
                        "restriction": "无约束"
                    }
                ]
            },
            {
                "id": "4",
                "reqs": [
                    {
                        "event": "无条件",
                        "agent": "项目管理者",
                        "operation": "添加和删除",
                        "input": "项目内的用户",
                        "output": "无输出",
                        "restriction": "无约束"
                    },
                    {
                        "event": "无条件",
                        "agent": "管理员",
                        "operation": "存储",
                        "input": "项目内容的修改",
                        "output": "无输出",
                        "restriction": "通过单击存储按键"
                    }
                ]
            },
            {
                "id": "5",
                "reqs": [
                    {
                        "event": "无条件",
                        "agent": "管理员",
                        "operation": "保存",
                        "input": "项目内容",
                        "output": "无输出",
                        "restriction": "通过点击保存按钮"
                    },
                    {
                        "event": "当项目处于稳定状态时",
                        "agent": "管理者",
                        "operation": "归档保存",
                        "input": "项目的内容",
                        "output": "无输出",
                        "restriction": "无约束"
                    }
                ]
            },
            {
                "id": "6",
                "reqs": [
                    {
                        "event": "当规划完成后",
                        "agent": "用户",
                        "operation": "观察",
                        "input": "无输入",
                        "output": "路径规划",
                        "restriction": "切换到三维视图"
                    },
                    {
                        "event": "无条件",
                        "agent": "用户",
                        "operation": "变动",
                        "input": "实体的位置",
                        "output": "实体的位置",
                        "restriction": "通过拖拽的方式"
                    }
                ]
            },
            {
                "id": "7",
                "reqs": [
                    {
                        "event": "无条件",
                        "agent": "用户",
                        "operation": "调整",
                        "input": "每个实体在编队中所在的位置",
                        "output": "每个实体在编队中所在的位置",
                        "restriction": "通过拖拽操作"
                    },
                    {
                        "event": "无条件",
                        "agent": "用户",
                        "operation": "建立或者改动",
                        "input": "示例队伍模板",
                        "output": "示例队伍模板",
                        "restriction": "通过图形页面"
                    }
                ]
            },
            {
                "id": "8",
                "reqs": [
                    {
                        "event": "无条件",
                        "agent": "用户",
                        "operation": "创建或者修改",
                        "input": "样例编队的模板",
                        "output": "样例编队的模板",
                        "restriction": "通过图形界面"
                    },
                    {
                        "event": "结束规划之后",
                        "agent": "用户",
                        "operation": "检查",
                        "input": "无输入",
                        "output": "规划的路径结果",
                        "restriction": "借助三维视图"
                    }
                ]
            },
            {
                "id": "9",
                "reqs": [
                    {
                        "event": "无条件",
                        "agent": "系统",
                        "operation": "校验",
                        "input": "登录请求",
                        "output": "登录请求",
                        "restriction": "根据保存在数据库中的用户名密码"
                    },
                    {
                        "event": "用户单击登录按键以后",
                        "agent": "服务端的网关",
                        "operation": "验证",
                        "input": "客户端的登录请求",
                        "output": "客户端的登录请求",
                        "restriction": "无约束"
                    }
                ]
            },
            {
                "id": "10",
                "reqs": [
                    {
                        "event": "用户点击登录按钮后",
                        "agent": "网关",
                        "operation": "校验",
                        "input": "用户的登录请求",
                        "output": "用户的登录请求",
                        "restriction": "无约束"
                    },
                    {
                        "event": "无条件",
                        "agent": "用户查询功能",
                        "operation": "查询",
                        "input": "用户名",
                        "output": "用户信息",
                        "restriction": "无约束"
                    }
                ]
            },
            {
                "id": "11",
                "reqs": [
                    {
                        "event": "无条件",
                        "agent": "查询用户个人信息功能",
                        "operation": "获取",
                        "input": "用户名",
                        "output": "个人信息",
                        "restriction": "无约束"
                    },
                    {
                        "event": "无条件",
                        "agent": "系统",
                        "operation": "验证",
                        "input": "用户的登录请求",
                        "output": "用户的登录请求",
                        "restriction": "依据数据库中存储的用户名和密码"
                    }
                ]
            },
            {
                "id": "12",
                "reqs": [
                    {
                        "event": "无条件",
                        "agent": "产品管理模块",
                        "operation": "展示",
                        "input": "产品信息",
                        "output": "产品信息",
                        "restriction": "包括照片、价格和用户评价"
                    },
                    {
                        "event": "无条件",
                        "agent": "产品查询功能",
                        "operation": "获得",
                        "input": "产品号码",
                        "output": "产品的图片和单价",
                        "restriction": "无约束"
                    }
                ]
            },
            {
                "id": "13",
                "reqs": [
                    {
                        "event": "无条件",
                        "agent": "查询产品信息功能",
                        "operation": "获取",
                        "input": "产品编号",
                        "output": "照片、价格和用户评论",
                        "restriction": "无约束"
                    },
                    {
                        "event": "客户单击产品信息按键时",
                        "agent": "客户端",
                        "operation": "显示",
                        "input": "照片、价格和用户评价",
                        "output": "照片、价格和客户评价",
                        "restriction": "无约束"
                    }
                ]
            },
            {
                "id": "14",
                "reqs": [
                    {
                        "event": "用户点击产品信息按钮时",
                        "agent": "客户端",
                        "operation": "展示",
                        "input": "产品的图片、单价和用户评论",
                        "output": "产品的图片、单价和用户评论",
                        "restriction": "无约束"
                    },
                    {
                        "event": "无条件",
                        "agent": "产品管理功能",
                        "operation": "显示",
                        "input": "产品",
                        "output": "产品",
                        "restriction": "包含图片、单价、客户评论"
                    }
                ]
            },
            {
                "id": "15",
                "reqs": [
                    {
                        "event": "当用户点击规划路径按钮",
                        "agent": "系统",
                        "operation": "规划",
                        "input": "船只的航行路线",
                        "output": "船只的航行路线",
                        "restriction": "无约束"
                    },
                    {
                        "event": "无条件",
                        "agent": "关系对象完整性检验",
                        "operation": "检验",
                        "input": "系统中定义的关系有无完整创建",
                        "output": "系统中定义的关系有无完整创建",
                        "restriction": "无约束"
                    }
                ]
            },
            {
                "id": "16",
                "reqs": [
                    {
                        "event": "无条件",
                        "agent": "关系对象完备性检查",
                        "operation": "检查",
                        "input": "框架中所定义的关系是否全部建立",
                        "output": "框架中所定义的关系是否全部建立",
                        "restriction": "无约束"
                    },
                    {
                        "event": "无条件",
                        "agent": "实体对象完整性检验",
                        "operation": "检验",
                        "input": "系统中定义的实体有无完整创建",
                        "output": "系统中定义的实体有无完整创建",
                        "restriction": "无约束"
                    }
                ]
            },
            {
                "id": "17",
                "reqs": [
                    {
                        "event": "无条件",
                        "agent": "实体对象完备性检查",
                        "operation": "检查",
                        "input": "框架中所定义的实体对象是否全部建立",
                        "output": "框架中所定义的实体对象是否全部建立",
                        "restriction": "无约束"
                    },
                    {
                        "event": "当用户单击路径规划按键",
                        "agent": "系统",
                        "operation": "规划",
                        "input": "船的航行线路",
                        "output": "船的航行线路",
                        "restriction": "无约束"
                    }
                ]
            },
            {
                "id": "18",
                "reqs": [
                    {
                        "event": "当客户进入直播间时",
                        "agent": "网页",
                        "operation": "提示",
                        "input": "当前直播间的公告",
                        "output": "当前直播间的公告",
                        "restriction": "无约束"
                    },
                    {
                        "event": "当客户退出直播间时",
                        "agent": "管理员界面",
                        "operation": "提醒",
                        "input": "直播间的管理员",
                        "output": "直播间管理员",
                        "restriction": "无约束"
                    }
                ]
            },
            {
                "id": "19",
                "reqs": [
                    {
                        "event": "当用户离开直播间时",
                        "agent": "管理员页面",
                        "operation": "提示",
                        "input": "直播间的管理员",
                        "output": "直播间的管理员",
                        "restriction": "无约束"
                    },
                    {
                        "event": "无条件",
                        "agent": "提示功能",
                        "operation": "提示",
                        "input": "最后期限前未提交作业的学生",
                        "output": "最后期限前未提交作业的学生",
                        "restriction": "无约束"
                    }
                ]
            },
            {
                "id": "20",
                "reqs": [
                    {
                        "event": "无条件",
                        "agent": "提醒功能",
                        "operation": "提醒",
                        "input": "截止日期前还没交作业的同学",
                        "output": "截止日期前还没交作业的同学",
                        "restriction": "无约束"
                    },
                    {
                        "event": "当用户走进直播间时",
                        "agent": "网页",
                        "operation": "提醒",
                        "input": "直播间的公告",
                        "output": "直播间的公告",
                        "restriction": "无约束"
                    }
                ]
            },
            {
                "id": "21",
                "reqs": [
                    {
                        "event": "无条件",
                        "agent": "老师",
                        "operation": "查看和评分",
                        "input": "学生上交的作业",
                        "output": "学生上交的作业",
                        "restriction": "无约束"
                    },
                    {
                        "event": "当课程完成后",
                        "agent": "学生",
                        "operation": "反馈和打分",
                        "input": "选课的老师",
                        "output": "选课的老师",
                        "restriction": "无约束"
                    }
                ]
            },
            {
                "id": "22",
                "reqs": [
                    {
                        "event": "当课程结束后",
                        "agent": "学生",
                        "operation": "反馈和评分",
                        "input": "选课的教师",
                        "output": "选课的教师",
                        "restriction": "无约束"
                    },
                    {
                        "event": "无条件",
                        "agent": "教师",
                        "operation": "回复",
                        "input": "课程反馈",
                        "output": "课程反馈",
                        "restriction": "依据学生的反馈"
                    }
                ]
            },
            {
                "id": "23",
                "reqs": [
                    {
                        "event": "无条件",
                        "agent": "老师",
                        "operation": "回应",
                        "input": "课程的反馈",
                        "output": "课程的反馈",
                        "restriction": "根据收到的学生反馈"
                    },
                    {
                        "event": "无条件",
                        "agent": "教师",
                        "operation": "审阅并打分",
                        "input": "学生提交的作业",
                        "output": "学生提交的作业",
                        "restriction": "无约束"
                    }
                ]
            },
            {
                "id": "24",
                "reqs": [
                    {
                        "event": "无条件",
                        "agent": "用户行为可视化功能",
                        "operation": "可视化展示",
                        "input": "用户浏览商品、采购商品的行为",
                        "output": "用户浏览商品、采购商品的行为",
                        "restriction": "无约束"
                    },
                    {
                        "event": "无条件",
                        "agent": "协同还原系统",
                        "operation": "复原",
                        "input": "发生变化的本地模型",
                        "output": "发生变化的本地模型",
                        "restriction": "依据选中的模型"
                    }
                ]
            },
            {
                "id": "25",
                "reqs": [
                    {
                        "event": "无条件",
                        "agent": "协同还原系统",
                        "operation": "还原",
                        "input": "本地存在变动的模型",
                        "output": "本地存在变动的模型",
                        "restriction": "根据所选择的模型信息"
                    },
                    {
                        "event": "无条件",
                        "agent": "系统",
                        "operation": "可视化地导出到文档中",
                        "input": "用户浏览商品、采购商品的行为",
                        "output": "用户浏览商品、采购商品的行为",
                        "restriction": "通过按下用户行为导出按钮"
                    }
                ]
            },
            {
                "id": "26",
                "reqs": [
                    {
                        "event": "无条件",
                        "agent": "系统",
                        "operation": "可视化并导出到PDF文件",
                        "input": "客户查看商品、购买商品的行为",
                        "output": "客户查看商品、购买商品的行为",
                        "restriction": "通过点击客户行为导出按钮"
                    },
                    {
                        "event": "无条件",
                        "agent": "客户行为可视化模块",
                        "operation": "可视化地展示",
                        "input": "客户查看商品，购买商品的行为",
                        "output": "客户查看商品，购买商品的行为",
                        "restriction": "无约束"
                    }
                ]
            },
            {
                "id": "27",
                "reqs": [
                    {
                        "event": "无条件",
                        "agent": "权限校验系统",
                        "operation": "预先校验",
                        "input": "用户发来的请求",
                        "output": "用户发来的请求",
                        "restriction": "无约束"
                    },
                    {
                        "event": "在网关流量过高时",
                        "agent": "流量预警模块",
                        "operation": "警报",
                        "input": "无输入",
                        "output": "无输出",
                        "restriction": "根据管理者提前的设置"
                    }
                ]
            },
            {
                "id": "28",
                "reqs": [
                    {
                        "event": "当网关流量超出配置时",
                        "agent": "流量预警功能",
                        "operation": "预警",
                        "input": "无输入",
                        "output": "无输出",
                        "restriction": "根据管理员的提前配置"
                    },
                    {
                        "event": "无条件",
                        "agent": "审阅功能",
                        "operation": "按列展示、设计备注、查看备注等操作",
                        "input": "项目",
                        "output": "项目",
                        "restriction": "无约束"
                    }
                ]
            },
            {
                "id": "29",
                "reqs": [
                    {
                        "event": "无条件",
                        "agent": "审阅模块",
                        "operation": "列表展示、设计批注、查看批注等各项操作",
                        "input": "项目",
                        "output": "项目",
                        "restriction": "无约束"
                    },
                    {
                        "event": "无条件",
                        "agent": "权限检验功能",
                        "operation": "提前检验",
                        "input": "客户端发过来的请求",
                        "output": "客户端发过来的请求",
                        "restriction": "无约束"
                    }
                ]
            }
        ],
        "NFR": [
            {
                "id": "0",
                "reqs": [
                    {
                        "vtype": "系统对北斗卫星数据的存储能力",
                        "rtype": null,
                        "sign": "大于等于",
                        "value": "20",
                        "unit": "TB"
                    },
                    {
                        "vtype": "系统保存的照片、视频、音频",
                        "rtype": null,
                        "sign": "大于等于",
                        "value": "200",
                        "unit": "TB"
                    }
                ]
            },
            {
                "id": "1",
                "reqs": [
                    {
                        "vtype": "系统对图片、视频等数据的存储能力",
                        "rtype": null,
                        "sign": "大于等于",
                        "value": "200",
                        "unit": "TB"
                    },
                    {
                        "vtype": "服务端能够支撑的用户注册数量",
                        "rtype": null,
                        "sign": "大于等于",
                        "value": "1000000",
                        "unit": "人次"
                    }
                ]
            },
            {
                "id": "2",
                "reqs": [
                    {
                        "vtype": "服务器支持的注册用户数目",
                        "rtype": null,
                        "sign": "大于等于",
                        "value": "1000000",
                        "unit": "人"
                    },
                    {
                        "vtype": "系统所能够保存的北斗卫星的数据",
                        "rtype": null,
                        "sign": "大于等于",
                        "value": "20",
                        "unit": "TB"
                    }
                ]
            },
            {
                "id": "3",
                "reqs": [
                    {
                        "vtype": "用户行为分析完成后生成的结果报告的类型",
                        "rtype": null,
                        "sign": "大于等于",
                        "value": "3",
                        "unit": "种"
                    },
                    {
                        "vtype": "论坛可以将用户的发表的帖子保存的时长",
                        "rtype": null,
                        "sign": "大于等于",
                        "value": "100",
                        "unit": "天"
                    }
                ]
            },
            {
                "id": "4",
                "reqs": [
                    {
                        "vtype": "用户发言的贴子被论坛保留的时间",
                        "rtype": null,
                        "sign": "大于等于",
                        "value": "100",
                        "unit": "天"
                    },
                    {
                        "vtype": "晚间至少可以保证同时在线的用户数量",
                        "rtype": null,
                        "sign": "大于等于",
                        "value": "10000",
                        "unit": "人"
                    }
                ]
            },
            {
                "id": "5",
                "reqs": [
                    {
                        "vtype": "晚上可以确保的一起在线用户数目",
                        "rtype": null,
                        "sign": "大于等于",
                        "value": "10000",
                        "unit": "人"
                    },
                    {
                        "vtype": "对用户行为进行分析后，至少可以得到的报告类型",
                        "rtype": null,
                        "sign": "大于等于",
                        "value": "3",
                        "unit": "种"
                    }
                ]
            },
            {
                "id": "6",
                "reqs": [
                    {
                        "vtype": "论坛存储用户发布的贴子的总量",
                        "rtype": null,
                        "sign": "大于等于",
                        "value": "10000",
                        "unit": "TB"
                    },
                    {
                        "vtype": "订单服务器每一秒可以处置的订单数量",
                        "rtype": null,
                        "sign": "大于等于",
                        "value": "1000",
                        "unit": "单"
                    }
                ]
            },
            {
                "id": "7",
                "reqs": [
                    {
                        "vtype": "订单服务每秒钟能够处理的订单数目",
                        "rtype": null,
                        "sign": "大于等于",
                        "value": "1000",
                        "unit": "单"
                    },
                    {
                        "vtype": "服务端的网关每一秒可以允许请求经过的数量",
                        "rtype": null,
                        "sign": "大于等于",
                        "value": "10000",
                        "unit": "个"
                    }
                ]
            },
            {
                "id": "8",
                "reqs": [
                    {
                        "vtype": "服务器的网关每秒能够通过的请求数目",
                        "rtype": null,
                        "sign": "大于等于",
                        "value": "10000",
                        "unit": "个"
                    },
                    {
                        "vtype": "论坛至少可以保存的用户发言的帖子",
                        "rtype": null,
                        "sign": "大于等于",
                        "value": "10000",
                        "unit": "TB"
                    }
                ]
            },
            {
                "id": "9",
                "reqs": [
                    {
                        "vtype": "退款系统每秒能够处理退款数量",
                        "rtype": null,
                        "sign": "大于等于",
                        "value": "1000",
                        "unit": "单"
                    },
                    {
                        "vtype": "退款服务每秒钟能够处置的退款数目",
                        "rtype": null,
                        "sign": "大于等于",
                        "value": "1000",
                        "unit": "单"
                    }
                ]
            }
        ],
        "RR": [
            {
                "id": "0",
                "reqs": [
                    {
                        "vtype": "正常负载情况下系统正常运行",
                        "sign1": "大于",
                        "duration": "24小时",
                        "sign2": "大于",
                        "pr": "99.9%"
                    },
                    {
                        "vtype": "系统从崩溃恢复常规状态的间隔",
                        "sign1": "小于",
                        "duration": "10分钟",
                        "sign2": "等于",
                        "pr": "100.00%"
                    }
                ]
            },
            {
                "id": "1",
                "reqs": [
                    {
                        "vtype": "系统崩溃后恢复正常的时间",
                        "sign1": "小于",
                        "duration": "10分钟",
                        "sign2": "等于",
                        "pr": "100.00%"
                    },
                    {
                        "vtype": "数据在服务器宕机后能够保存在硬盘上",
                        "sign1": "大于",
                        "duration": "60分钟",
                        "sign2": "大于",
                        "pr": "95%"
                    }
                ]
            },
            {
                "id": "2",
                "reqs": [
                    {
                        "vtype": "服务器崩溃后数据在磁盘完整保留",
                        "sign1": "大于",
                        "duration": "60分钟",
                        "sign2": "大于",
                        "pr": "95%"
                    },
                    {
                        "vtype": "系统在常规负荷下可以运行正常",
                        "sign1": "大于",
                        "duration": "1天",
                        "sign2": "大于",
                        "pr": "99.9%"
                    }
                ]
            },
            {
                "id": "3",
                "reqs": [
                    {
                        "vtype": "用户失误操作后系统仍然能够正常运行",
                        "sign1": "大于",
                        "duration": "3小时",
                        "sign2": "大于",
                        "pr": "95%"
                    },
                    {
                        "vtype": "备份数据库恢复到崩溃的主数据库的间隔",
                        "sign1": "小于",
                        "duration": "10分钟",
                        "sign2": "大于",
                        "pr": "98%"
                    }
                ]
            },
            {
                "id": "4",
                "reqs": [
                    {
                        "vtype": "数据库无法使用后从备份数据库中恢复的时间",
                        "sign1": "小于",
                        "duration": "10分钟",
                        "sign2": "大于",
                        "pr": "98%"
                    },
                    {
                        "vtype": "通过人工将网络无法连接的服务器恢复到正常的间隔",
                        "sign1": "小于",
                        "duration": "0.5小时",
                        "sign2": "大于",
                        "pr": "98%"
                    }
                ]
            },
            {
                "id": "5",
                "reqs": [
                    {
                        "vtype": "服务器网络从无法连接到人工恢复的时间",
                        "sign1": "小于",
                        "duration": "30分钟",
                        "sign2": "大于",
                        "pr": "97%"
                    },
                    {
                        "vtype": "系统在用户错误使用后保持常规运行状态",
                        "sign1": "大于",
                        "duration": "3小时",
                        "sign2": "大于",
                        "pr": "95%"
                    }
                ]
            },
            {
                "id": "6",
                "reqs": [
                    {
                        "vtype": "备份数据库保存时间",
                        "sign1": "大于",
                        "duration": "48小时",
                        "sign2": "等于",
                        "pr": "100%"
                    },
                    {
                        "vtype": "阻塞的消息队列恢复到正常情况的间隔",
                        "sign1": "小于等于",
                        "duration": "5分钟",
                        "sign2": "大于",
                        "pr": "95%"
                    }
                ]
            },
            {
                "id": "7",
                "reqs": [
                    {
                        "vtype": "服务器消息队列从阻塞状态恢复到正常状态时间",
                        "sign1": "小于",
                        "duration": "5分钟",
                        "sign2": "大于",
                        "pr": "95%"
                    },
                    {
                        "vtype": "网络中断或电源中断到备份服务器启动的间隔",
                        "sign1": "小于等于",
                        "duration": "3分钟",
                        "sign2": "等于",
                        "pr": "100%"
                    }
                ]
            },
            {
                "id": "8",
                "reqs": [
                    {
                        "vtype": "服务器断网断电到启动备用服务器之间的时间",
                        "sign1": "小于",
                        "duration": "3分钟",
                        "sign2": "等于",
                        "pr": "100%"
                    },
                    {
                        "vtype": "存储数据库备份的时间",
                        "sign1": "大于",
                        "duration": "48小时",
                        "sign2": "大于",
                        "pr": "99%"
                    }
                ]
            },
            {
                "id": "9",
                "reqs": [
                    {
                        "vtype": "线上发现漏洞时回滚版本的时间",
                        "sign1": "小于",
                        "duration": "10分钟",
                        "sign2": "大于",
                        "pr": "99%"
                    },
                    {
                        "vtype": "系统因漏洞而回退到老的版本所花费的时间",
                        "sign1": "小于",
                        "duration": "10分钟",
                        "sign2": "大于等于",
                        "pr": "99%"
                    }
                ]
            }
        ]
    }
}