{
    "/*comment*/": "FR: 功能需求, NFR: 性能需求, RR: 可靠性需求",
    "data": {
        "FR": [
            {
                "id": "0",
                "reqs": [
                    "项目进度监控对该项目下的模型的设计进度进行统计汇总显示",
                    "项目进展监督功能统计、汇合、并展示了项目内模型的设计进展"
                ]
            },
            {
                "id": "1",
                "reqs": [
                    "当用户点击导出按钮时，项目进度导出将该项目内模型的进度导出到Word文档",
                    "当用户单击导出按钮后，项目进展导出将模型进展导出成Word格式的文件"
                ]
            },
            {
                "id": "2",
                "reqs": [
                    "依据项目模型进展的统计，通知功能把统计的结果汇合后发送给用户",
                    "根据模型设计进度的统计结果，通知功能将统计结果汇总并发送给用户"
                ]
            },
            {
                "id": "3",
                "reqs": [
                    "当项目稳定后，项目管理员可以对项目内容进行归档存储",
                    "当项目处于稳定状态时，管理者可以归档保存项目的内容"
                ]
            },
            {
                "id": "4",
                "reqs": [
                    "项目管理者可以对项目内的用户进行添加和删除",
                    "项目管理员能够对增添、删除、修改项目中的用户"
                ]
            },
            {
                "id": "5",
                "reqs": [
                    "通过点击保存按钮，管理员能够保存项目内容",
                    "通过单击存储按键，管理员可以对项目内容的修改进行存储"
                ]
            },
            {
                "id": "6",
                "reqs": [
                    "当规划完成后，用户能够切换到三维视图对路径规划进行观察",
                    "结束规划之后，用户能借助三维视图检查规划的路径结果"
                ]
            },
            {
                "id": "7",
                "reqs": [
                    "通过拖拽操作，用户可以调整每个实体在编队中所在的位置",
                    "通过拖拽的方式，用户能够对实体的位置进行变动"
                ]
            },
            {
                "id": "8",
                "reqs": [
                    "通过图形界面，用户可以对样例编队的模板进行创建或修改",
                    "通过图形页面，用户可以对示例队伍模板进行建立或者改动"
                ]
            },
            {
                "id": "9",
                "reqs": [
                    "根据保存在数据库中的用户名密码，系统对登录请求进行校验",
                    "依据数据库中存储的用户名和密码，系统验证用户的登录请求"
                ]
            },
            {
                "id": "10",
                "reqs": [
                    "用户点击登录按钮后，网关对用户的登录请求进行校验",
                    "用户单击登录按键以后，服务端的网关验证客户端的登录请求"
                ]
            },
            {
                "id": "11",
                "reqs": [
                    "查询用户个人信息功能，能够按照用户名获取用户的个人信息",
                    "用户查询功能，可以通过用户名对用户信息进行查询"
                ]
            },
            {
                "id": "12",
                "reqs": [
                    "产品管理模块展示了产品的信息，包括照片、价格和用户评价",
                    "产品管理功能对产品进行显示，其中包含图片、单价和客户评论"
                ]
            },
            {
                "id": "13",
                "reqs": [
                    "查询产品信息功能，能按照产品编号获取照片、价格和用户评论",
                    "产品查询功能，利用产品号码获得产品的图片和单价"
                ]
            },
            {
                "id": "14",
                "reqs": [
                    "用户点击产品信息按钮时，客户端展示产品的图片、单价和用户评论",
                    "客户单击产品信息按键时，客户端显示照片、价格和客户评价"
                ]
            },
            {
                "id": "15",
                "reqs": [
                    "当用户点击规划路径按钮，系统能对船只的航行路线进行规划",
                    "当用户单击路径规划按键，系统规划船的航行线路"
                ]
            },
            {
                "id": "16",
                "reqs": [
                    "关系对象完备性检查对框架中所定义的关系是否全部建立进行检查",
                    "关系对象完整性检验可以检验系统中定义的关系有无完整创建"
                ]
            },
            {
                "id": "17",
                "reqs": [
                    "实体对象完备性检查对框架中所定义的实体对象是否全部建立进行检查",
                    "实体对象完整性检验能够检验对系统中定义的实体有无完整创建"
                ]
            },
            {
                "id": "18",
                "reqs": [
                    "当客户进入直播间时，网页提示客户当前直播间的公告",
                    "当用户走进直播间时，网页对直播间的公告进行提醒"
                ]
            },
            {
                "id": "19",
                "reqs": [
                    "当用户离开直播间时，管理员页面对直播间的管理员进行提示",
                    "当客户退出直播间时，管理员界面提醒直播间的管理员"
                ]
            },
            {
                "id": "20",
                "reqs": [
                    "提醒功能对截止日期前还没交作业的同学进行提醒",
                    "提示功能对最后期限前未提交作业的学生进行提示"
                ]
            },
            {
                "id": "21",
                "reqs": [
                    "老师可以对学生上交的作业进行查看和评分",
                    "教师能够对学生提交的作业进行审阅并打分"
                ]
            },
            {
                "id": "22",
                "reqs": [
                    "当课程结束后，学生可以对选课的教师进行反馈和评分",
                    "当课程完成后，学生能够对选课的老师进行反馈和打分"
                ]
            },
            {
                "id": "23",
                "reqs": [
                    "根据收到的学生反馈，老师能够对课程反馈进行回应",
                    "依据学生的反馈，教师能够回复课程的反馈"
                ]
            },
            {
                "id": "24",
                "reqs": [
                    "用户行为可视化功能将用户浏览商品、采购商品的行为进行可视化展示",
                    "客户行为可视化模块可以可视化地展示客户查看商品，购买商品的行为"
                ]
            },
            {
                "id": "25",
                "reqs": [
                    "根据所选择的模型信息，协同还原系统对本地存在变动的模型进行还原",
                    "依据选中的模型，协同还原系统能够对发生变化的本地模型进行复原"
                ]
            },
            {
                "id": "26",
                "reqs": [
                    "通过点击客户行为导出按钮，系统将客户查看商品、购买商品的行为可视化并导出到PDF文件",
                    "通过按下用户行为导出按钮，系统把用户浏览商品、采购商品的行为可视化地导出到文档中"
                ]
            },
            {
                "id": "27",
                "reqs": [
                    "权限校验系统对用户发来的请求进行预先校验",
                    "权限检验功能可以提前检验客户端发过来的请求"
                ]
            },
            {
                "id": "28",
                "reqs": [
                    "根据管理员的提前配置，当网关流量超出配置时，流量预警功能进行预警",
                    "根据管理者提前的设置，流量预警模块在网关流量过高时进行警报"
                ]
            },
            {
                "id": "29",
                "reqs": [
                    "审阅模块支持对项目进行列表展示、设计批注、查看批注等各项操作",
                    "审阅功能可以对项目进行按列展示、设计备注、查看备注等操作"
                ]
            }
        ],
        "NFR": [
            {
                "id": "0",
                "reqs": [
                    "系统对北斗卫星数据的存储能力不小于20TB",
                    "系统能够保存大于或者等于20TB的北斗卫星数据"
                ]
            },
            {
                "id": "1",
                "reqs": [
                    "系统对图片、视频等数据的存储能力不小于200TB",
                    "系统至少能够保存200TB的照片、视频、音频"
                ]
            },
            {
                "id": "2",
                "reqs": [
                    "服务器支持的注册用户数目不少于1000000人",
                    "服务端至少能够支撑1000000人次的用户注册数量"
                ]
            },
            {
                "id": "3",
                "reqs": [
                    "用户行为分析完成后生成的结果报告不少于3种类型",
                    "对用户行为进行分析后，至少可以得到3种类型的报告"
                ]
            },
            {
                "id": "4",
                "reqs": [
                    "用户发言的贴子被论坛保留的时间不小于100天",
                    "论坛最少可以将用户的发表的帖子保存100天"
                ]
            },
            {
                "id": "5",
                "reqs": [
                    "晚上可以确保的一起在线用户数目不低于10000人",
                    "晚间至少可以保证10000人的用户数量同时在线"
                ]
            },
            {
                "id": "6",
                "reqs": [
                    "论坛存储用户发布的贴子的总量不小于10000TB",
                    "论坛至少可以保存10000TB的用户发言的帖子"
                ]
            },
            {
                "id": "7",
                "reqs": [
                    "订单服务每秒钟能够处理的订单数目不少于1000单",
                    "订单服务器每一秒至少可以处置1000单订单"
                ]
            },
            {
                "id": "8",
                "reqs": [
                    "服务器的网关每秒能够通过的请求数目不少于10000个",
                    "服务端的网关每一秒至少可以允许10000个请求经过"
                ]
            },
            {
                "id": "9",
                "reqs": [
                    "退款系统每秒至少能够处理1000单退款",
                    "退款服务每秒钟能够处置的退款数目不少于1000单"
                ]
            }
        ],
        "RR": [
            {
                "id": "0",
                "reqs": [
                    "正常负载情况下系统正常运行超过24小时的概率大于99.9%",
                    "系统在常规负荷下可以运行正常多于1天的概率大于99.9%"
                ]
            },
            {
                "id": "1",
                "reqs": [
                    "系统崩溃后恢复正常的时间小于10分钟的概率等于100.00%",
                    "系统从崩溃恢复常规状态的间隔少于10分钟的概率等于100.00%"
                ]
            },
            {
                "id": "2",
                "reqs": [
                    "服务器崩溃后数据在磁盘完整保留超过60分钟的概率大于95%",
                    "数据在服务器宕机后能够保存在硬盘上多于60分钟的概率不小于等于95%"
                ]
            },
            {
                "id": "3",
                "reqs": [
                    "用户失误操作后系统仍然能够正常运行超过3小时概率大于95%",
                    "系统在用户错误使用后保持常规运行状态高于3小时的概率大于95%"
                ]
            },
            {
                "id": "4",
                "reqs": [
                    "数据库无法使用后从备份数据库中恢复的时间小于10分钟的概率大于98%",
                    "备份数据库恢复到崩溃的主数据库的间隔少于10分钟的概率大于98%"
                ]
            },
            {
                "id": "5",
                "reqs": [
                    "服务器网络从无法连接到人工恢复的时间小于30分钟的概率高于97%",
                    "通过人工将网络无法连接的服务器恢复到正常的间隔小于0.5小时的概率大于98%"
                ]
            },
            {
                "id": "6",
                "reqs": [
                    "备份数据库保存时间超过48小时的概率等于100%",
                    "存储数据库备份的时间至少大于48小时的概率高于99.99%"
                ]
            },
            {
                "id": "7",
                "reqs": [
                    "服务器消息队列从阻塞状态恢复到正常状态时间小于5分钟的机率大于95%",
                    "阻塞的消息队列恢复到正常情况的间隔不超过5分钟的概率大于95%"
                ]
            },
            {
                "id": "8",
                "reqs": [
                    "服务器断网断电到启动备用服务器之间的时间小于3分钟的概率等于100%",
                    "网络中断或电源中断到备份服务器启动的间隔不大于3分钟的可能性等于100%"
                ]
            },
            {
                "id": "9",
                "reqs": [
                    "线上发现漏洞时回滚版本的时间小于10分钟的概率大于99%",
                    "系统因漏洞而回退到老的版本所花费的时间少于10分钟的概率不低于99%"
                ]
            }
        ]
    }
}